Workbook

Sheet RTM
A1: REQUIREMENT TRACEABILITY MATRIX (RTM)
A2: Project Name: ___________________________ Version: _______ Date: ___________ Prepared By: ___________________________
A3: ▸ TRACEABILITY MATRIX
A4: REQ ID | B4: Category | C4: Requirement Description | D4: Priority | E4: Source | F4: Status | G4: Design Doc Ref | H4: Module / Component | I4: Test Case ID | J4: Test Type | K4: Test Status | L4: Build / Sprint | M4: UAT Case ID | N4: UAT Status | O4: Defect ID | P4: Remarks
A5: REQ-001 | B5: Functional | C5: The system shall allow users to register with a valid email address and password. | D5: High | E5: BRD §2.1 | F5: Approved | G5: DD-001 | H5: Auth Module | I5: TC-001 | J5: Integration | K5: Passed | L5: Sprint 1 | M5: UAT-001 | N5: Passed | P5: Login flow verified
A6: REQ-002 | B6: Functional | C6: The system shall send an email verification link upon successful registration. | D6: High | E6: BRD §2.1 | F6: Approved | G6: DD-001 | H6: Auth Module | I6: TC-002 | J6: System | K6: Passed | L6: Sprint 1 | M6: UAT-002 | N6: Passed
A7: REQ-003 | B7: Functional | C7: Users shall be able to reset their password via a secure token link. | D7: High | E7: BRD §2.2 | F7: Approved | G7: DD-002 | H7: Auth Module | I7: TC-003 | J7: System | K7: Failed | L7: Sprint 2 | M7: UAT-003 | N7: In Progress | O7: DEF-007 | P7: Token expiry issue logged
A8: REQ-004 | B8: Functional | C8: The system shall support role-based access control (RBAC) with at least 3 roles. | D8: High | E8: BRD §3.1 | F8: In Review | G8: DD-003 | H8: Auth Module | I8: TC-010 | J8: Unit | K8: Not Run | L8: Sprint 3 | N8: Not Started
A9: REQ-005 | B9: Non-Functional | C9: The system shall handle 1,000 concurrent users without performance degradation. | D9: Medium | E9: NFR §1.1 | F9: Approved | G9: DD-010 | H9: Infrastructure | I9: TC-020 | J9: Performance | K9: In Progress | L9: Sprint 2 | N9: Not Started | P9: Load test ongoing
A10: REQ-006 | B10: Non-Functional | C10: All API responses shall be returned within 300 ms under normal load. | D10: High | E10: NFR §1.2 | F10: Approved | G10: DD-010 | H10: Infrastructure | I10: TC-021 | J10: Performance | K10: Not Run | L10: Sprint 3 | N10: Not Started
A11: REQ-007 | B11: Non-Functional | C11: The application shall achieve 99.9% uptime SLA per month. | D11: High | E11: NFR §2.1 | F11: Approved | G11: DD-011 | H11: Infrastructure | I11: TC-022 | J11: Reliability | K11: Not Run | L11: Sprint 4 | N11: Not Started
A12: REQ-008 | B12: Security | C12: All passwords shall be hashed using bcrypt with a minimum cost factor of 12. | D12: Critical | E12: SEC §1.1 | F12: Approved | G12: DD-020 | H12: Auth Module | I12: TC-030 | J12: Security | K12: Passed | L12: Sprint 1 | M12: UAT-010 | N12: Passed
A13: REQ-009 | B13: Security | C13: The system shall enforce HTTPS on all endpoints (TLS 1.2+). | D13: Critical | E13: SEC §1.2 | F13: Approved | G13: DD-020 | H13: Infrastructure | I13: TC-031 | J13: Security | K13: Passed | L13: Sprint 1 | M13: UAT-011 | N13: Passed
A14: REQ-010 | B14: Security | C14: Session tokens shall expire after 30 minutes of inactivity. | D14: High | E14: SEC §2.1 | F14: Approved | G14: DD-021 | H14: Auth Module | I14: TC-032 | J14: Security | K14: Failed | L14: Sprint 2 | N14: Not Started | O14: DEF-012 | P14: Session not invalidated on mobile
A15: REQ-011 | B15: UI/UX | C15: The dashboard shall display key metrics on a single screen without scrolling on 1080p displays. | D15: Medium | E15: UX §1.1 | F15: In Review | G15: DD-030 | H15: Dashboard | I15: TC-040 | J15: UI | K15: Not Run | L15: Sprint 3 | N15: Not Started | P15: Wireframe under revision
A16: REQ-012 | B16: UI/UX | C16: All form fields shall display inline validation messages within 200 ms of input. | D16: Medium | E16: UX §1.2 | F16: Approved | G16: DD-031 | H16: UI Components | I16: TC-041 | J16: UI | K16: In Progress | L16: Sprint 2 | N16: Not Started
A17: REQ-013 | B17: Integration | C17: The system shall integrate with Stripe for payment processing. | D17: High | E17: BRD §5.1 | F17: Approved | G17: DD-040 | H17: Payments | I17: TC-050 | J17: Integration | K17: In Progress | L17: Sprint 3 | N17: Not Started | P17: Webhook listener in dev
A18: REQ-014 | B18: Integration | C18: The system shall send transactional emails via SendGrid API. | D18: High | E18: BRD §5.2 | F18: Approved | G18: DD-041 | H18: Notifications | I18: TC-051 | J18: Integration | K18: Passed | L18: Sprint 1 | M18: UAT-020 | N18: Passed
A19: REQ-015 | B19: Compliance | C19: The system shall comply with GDPR — provide data export and deletion on user request. | D19: Critical | E19: LEG §1.1 | F19: In Review | G19: DD-050 | H19: User Management | I19: TC-060 | J19: Compliance | K19: Not Run | L19: Sprint 4 | N19: Not Started | P19: Legal review pending

Sheet Summary Dashboard
A1: RTM SUMMARY DASHBOARD
A2: Auto-calculated from the RTM sheet · All formulas reference column data in 'RTM'
A4: Total Requirements | B4: Approved | C4: In Review | D4: Tests Passed | E4: Tests Failed | F4: Open Defects
A5: =COUNTA(RTM!A5:A19) -> 15 | B5: =COUNTIF(RTM!F5:F19,"Approved") -> 12 | C5: =COUNTIF(RTM!F5:F19,"In Review") -> 3 | D5: =COUNTIF(RTM!K5:K19,"Passed") -> 5 | E5: =COUNTIF(RTM!K5:K19,"Failed") -> 2 | F5: =COUNTA(RTM!O5:O19) -> 2
A7: Requirements by Category | E7: Test Execution Status
A8: Category | B8: Count | C8: % of Total | E8: Status | F8: Count | G8: % of Total
A9: Functional | B9: =COUNTIF(RTM!B5:B19,"Functional") -> 4 | C9: =IFERROR(B9/B5,"—") -> 0.33333333 | E9: Passed | F9: =COUNTIF(RTM!K5:K19,"Passed") -> 5 | G9: =IFERROR(F9/B5,"—") -> 0.41666667
A10: Non-Functional | B10: =COUNTIF(RTM!B5:B19,"Non-Functional") -> 3 | C10: =IFERROR(B10/B5,"—") -> 0.25 | E10: Failed | F10: =COUNTIF(RTM!K5:K19,"Failed") -> 2 | G10: =IFERROR(F10/B5,"—") -> 0.16666667
A11: Security | B11: =COUNTIF(RTM!B5:B19,"Security") -> 3 | C11: =IFERROR(B11/B5,"—") -> 0.25 | E11: In Progress | F11: =COUNTIF(RTM!K5:K19,"In Progress") -> 3 | G11: =IFERROR(F11/B5,"—") -> 0.25
A12: UI/UX | B12: =COUNTIF(RTM!B5:B19,"UI/UX") -> 2 | C12: =IFERROR(B12/B5,"—") -> 0.16666667 | E12: Not Run | F12: =COUNTIF(RTM!K5:K19,"Not Run") -> 5 | G12: =IFERROR(F12/B5,"—") -> 0.41666667
A13: Integration | B13: =COUNTIF(RTM!B5:B19,"Integration") -> 2 | C13: =IFERROR(B13/B5,"—") -> 0.16666667
A14: Compliance | B14: =COUNTIF(RTM!B5:B19,"Compliance") -> 1 | C14: =IFERROR(B14/B5,"—") -> 0.083333333

Sheet Legend & Guide
A1: RTM — LEGEND & FIELD GUIDE
A3: Priority Legend | C3: Req. Status Legend
A4: Critical | B4: System-breaking / legal / security — must be done | C4: Draft | D4: Under authoring, not yet reviewed
A5: High | B5: Core business function — required for go-live | C5: In Review | D5: Submitted for stakeholder review
A6: Medium | B6: Important but not blocking release | C6: Approved | D6: Formally signed off — baselined
A7: Low | B7: Nice-to-have / deferred to future sprint | C7: Rejected | D7: Declined — see Remarks for reason
A10: Test Status Legend | C10: UAT Status Legend
A11: Passed | B11: All test assertions green | C11: Passed | D11: User accepted — sign-off obtained
A12: Failed | B12: One or more assertions failed | C12: In Progress | D12: User testing underway
A13: In Progress | B13: Test execution in progress | C13: Not Started | D13: UAT phase not reached yet
A14: Not Run | B14: Test not yet started / blocked | C14: Failed | D14: User raised defects — rework required
A17: COLUMN FIELD DESCRIPTIONS
A18: REQ ID | B18: Unique identifier, e.g. REQ-001. Never reuse a deleted ID.
A19: Category | B19: Functional / Non-Functional / Security / UI-UX / Integration / Compliance
A20: Requirement Description | B20: Clear, testable statement using 'shall'. One requirement per row.
A21: Priority | B21: Critical / High / Medium / Low — agreed with Product Owner.
A22: Source | B22: BRD / SRS section reference or stakeholder name.
A23: Status | B23: Draft → In Review → Approved or Rejected.
A24: Design Doc Ref | B24: Reference to the corresponding section in the Design Document.
A25: Module / Component | B25: System module or microservice that implements this requirement.
A26: Test Case ID | B26: Linked test case identifier in the test management tool (e.g. TC-001).
A27: Test Type | B27: Unit / Integration / System / Performance / Security / UI / Compliance.
A28: Test Status | B28: Latest execution status of the linked test case.
A29: Build / Sprint | B29: Sprint or release build where this was implemented and tested.
... A33: Remarks | B33: Free-text notes: blockers, decisions, cross-links, open questions.
