Workbook

Sheet Cover Page
A1: SOFTWARE TEST PLAN
A2: Comprehensive Test Planning Template — IEEE 829 Aligned
A4: Project Name: | E4: Confidentiality: | F4: Internal
A5: Application / System: | E5: Document Type: | F5: Test Plan
A6: Version: | E6: Phase:
A7: Test Plan ID: | B7: TP-001 | E7: Release / Sprint:
A8: Prepared By: | E8: Environment:
A9: Reviewed By: | E9: QA Lead:
A10: Approved By: | E10: Dev Lead:
A11: Date Created: | E11: Product Owner:
A12: Last Updated: | E12: Stakeholders:
A13: Status: | B13: Draft | E13: Review Deadline:
A15: ▸ REVISION HISTORY
A16: Version | B16: Date | C16: Author | D16: Change Description | E16: Reviewed By | F16: Approved By | G16: Status | H16: Notes
A17: 1.0 | D17: Initial draft created | G17: Draft
A18: 1.1 | D18: Updated scope and test cases | G18: In Review
A19: 2.0 | D19: Final version after UAT sign-off | G19: Approved
A21: ▸ SIGN-OFF
A22: Role | B22: Name | C22: Signature | D22: Date | E22: Comments
A23: QA Lead
A24: Project Manager
A25: Product Owner
A26: Development Lead
A27: Client Representative

Sheet Test Plan Overview
A1: TEST PLAN OVERVIEW
A2: ▸ 1. INTRODUCTION & PURPOSE
A3: This Test Plan defines the strategy, scope, resources, schedule, and approach for testing [Project Name]. It establishes the framework within which testing will be planned and performed to ensure the delivered software meets all specified requirements.
A5: ▸ 2. TEST OBJECTIVES
A6: • Verify all functional requirements are correctly implemented. • Validate non-functional requirements (performance, security, usability). • Identify and document defects before production release. • Ensure system stability across supported platforms and environments. • Provide confidence to stakeholders that the product is release-ready.
A8: ▸ 3. SCOPE — IN SCOPE
A9: • Functional testing of all modules listed in the BRD/SRS. • Integration testing between system components. • Regression testing after each bug fix. • Performance and load testing for critical endpoints. • Security testing (authentication, authorization, data protection). • UAT support and defect triage.
A11: ▸ 4. SCOPE — OUT OF SCOPE
A12: • Third-party service internal logic (payment gateways, SMS providers). • Infrastructure provisioning and cloud deployment pipelines. • Data migration scripts (covered by separate Data Migration Test Plan). • Hardware compatibility testing beyond specified device matrix.
A14: ▸ 5. TEST APPROACH & STRATEGY
A15: Testing will follow an Agile iterative approach aligned to sprint cycles. Unit tests are owned by developers; QA owns integration, system, regression, and UAT coordination. Automation will be applied to regression suites using [Tool]. Manual testing covers exploratory, UX, and ad-hoc scenarios. Risk-based testing prioritizes critical and high-priority requirements.
A17: ▸ 6. ASSUMPTIONS & DEPENDENCIES
... A24: ENTRY: All test cases reviewed and approved; test environment deployed; build smoke test passed; test data prepared. EXIT: 100% of High/Critical test cases executed; 0 open Critical defects; 0 open High defects; UAT sign-off received; test summary report approved.

Sheet Schedule & Resources
A1: TEST SCHEDULE & RESOURCE PLAN
A2: ▸ KEY TESTING MILESTONES
A3: Milestone | B3: Phase | C3: Planned Start | D3: Planned End | E3: Actual Start | F3: Actual End | G3: Owner | H3: Status | I3: % Complete | J3: Notes
A4: Test Plan Created & Approved | B4: Planning | G4: QA Lead | H4: Completed | I4: 100%
A5: Test Cases Authored & Reviewed | B5: Planning | G5: QA Team | H5: In Progress | I5: 75%
A6: Test Environment Setup | B6: Setup | G6: DevOps | H6: Pending | I6: 0%
A7: Test Data Preparation | B7: Setup | G7: QA Team | H7: Pending | I7: 0%
A8: Smoke / Sanity Testing | B8: Sprint 1 | G8: QA Lead | H8: Not Started | I8: 0%
A9: Functional Testing — Sprint 1 | B9: Sprint 1 | G9: QA Team | H9: Not Started | I9: 0%
A10: Integration Testing | B10: Sprint 2 | G10: QA Team | H10: Not Started | I10: 0%
A11: Regression Testing | B11: Sprint 2 | G11: QA Team | H11: Not Started | I11: 0%
A12: Performance Testing | B12: Sprint 3 | G12: Perf Engr | H12: Not Started | I12: 0%
A13: Security Testing | B13: Sprint 3 | G13: Sec Engr | H13: Not Started | I13: 0%
A14: UAT Execution | B14: UAT | G14: QA Lead | H14: Not Started | I14: 0%
A15: Defect Closure & Sign-off | B15: Closure | G15: QA Lead | H15: Not Started | I15: 0%
A16: Test Summary Report | B16: Closure | G16: QA Lead | H16: Not Started | I16: 0%
A18: ▸ RESOURCE PLAN
A19: Resource Name | B19: Role | C19: Skills / Tools | D19: Allocation % | E19: Phases Involved | F19: Start Date | G19: End Date | H19: Notes
B20: QA Lead | C20: Test Management, JIRA, Postman, Selenium | D20: 100% | E20: All phases
B21: QA Engineer 1 | C21: Manual Testing, JIRA, Postman | D21: 100% | E21: Sprint 1-3, UAT
B22: QA Engineer 2 | C22: Automation, Cypress / Playwright | D22: 75% | E22: Sprint 2-3, Regression
B23: Perf Engineer | C23: JMeter / k6, Grafana | D23: 50% | E23: Sprint 3
B24: Security Engr | C24: OWASP ZAP, Burp Suite | D24: 25% | E24: Sprint 3
B25: Business Analyst | C25: Requirements, UAT coordination | D25: 25% | E25: Planning, UAT
B26: Dev Lead | C26: Code review, defect fixes | D26: 20% | E26: All phases
A28: ▸ TEST ENVIRONMENT MATRIX
A29: Environment | B29: Purpose | C29: URL / Host | D29: OS | E29: Browser / Client | F29: DB Version | G29: Deployed By | H29: Refresh Frequency | I29: Status | J29: Notes
A30: DEV | B30: Unit/Dev testing | C30: dev.app.internal | D30: Ubuntu 22 | E30: Chrome latest | F30: PG 15 | G30: DevOps | H30: On each commit | I30: Active
A31: QA | B31: Functional/Integration | C31: qa.app.internal | D31: Ubuntu 22 | E31: Chrome + Firefox | F31: PG 15 | G31: DevOps | H31: Daily build | I31: Active
A32: STAGING | B32: Regression/UAT | C32: staging.app.internal | D32: Ubuntu 22 | E32: All browsers | F32: PG 15 | G32: DevOps | H32: Sprint release | I32: Active
A33: PERF | B33: Performance/Load testing | C33: perf.app.internal | D33: Ubuntu 22 | E33: Headless Chrome | F33: PG 15 | G33: DevOps | H33: On demand | I33: Pending
A34: PROD | B34: Production — do NOT test | C34: app.company.com | D34: Ubuntu 22 | E34: N/A | F34: PG 15 | G34: DevOps | H34: N/A | I34: Live | J34: Read-only

Sheet Test Cases
A1: TEST CASE REPOSITORY
A2: ▸ All test cases are tracked here. Link to RTM via REQ ID.
A3: TC ID | B3: REQ ID | C3: Module | D3: Test Case Title | E3: Test Type | F3: Priority | G3: Preconditions | H3: Test Steps | I3: Expected Result | J3: Actual Result | K3: Status | L3: Pass/Fail | M3: Executed By | N3: Exec Date | O3: Defect ID
A4: TC-001 | B4: REQ-001 | C4: Auth | D4: User Registration — Valid Email & Password | E4: Functional | F4: High | G4: App is running; user is not registered | H4: 1. Navigate to /register 2. Enter valid email 3. Enter strong password 4. Click Register | I4: Account created; confirmation email sent | K4: Passed | L4: Pass
A5: TC-002 | B5: REQ-001 | C5: Auth | D5: User Registration — Duplicate Email | E5: Functional | F5: High | G5: Existing account with same email | H5: 1. Navigate to /register 2. Enter duplicate email 3. Submit | I5: Error: 'Email already in use' | K5: Passed | L5: Pass
A6: TC-003 | B6: REQ-001 | C6: Auth | D6: User Registration — Invalid Email Format | E6: Functional | F6: Medium | G6: None | H6: 1. Enter invalid email (e.g., user@) 2. Submit form | I6: Inline validation error displayed immediately | K6: Passed | L6: Pass
A7: TC-004 | B7: REQ-002 | C7: Auth | D7: Email Verification Link Sent | E7: Functional | F7: High | G7: New account registered | H7: 1. Complete registration 2. Check email inbox | I7: Verification email received within 2 minutes | K7: In Progress
A8: TC-005 | B8: REQ-003 | C8: Auth | D8: Password Reset — Valid Token | E8: Functional | F8: High | G8: Registered user, valid token | H8: 1. Click Forgot Password 2. Enter email 3. Open link in email 4. Enter new password | I8: Password changed; redirect to login | K8: Failed | L8: Fail | O8: DEF-007
A9: TC-006 | B9: REQ-008 | C9: Auth | D9: Password Hashing — bcrypt Verification | E9: Security | F9: Critical | G9: DB access available | H9: 1. Register user 2. Query DB password column | I9: Password is bcrypt hash (starts with $2b$12$) | K9: Passed | L9: Pass
A10: TC-007 | B10: REQ-009 | C10: Infra | D10: HTTPS Enforcement on All Endpoints | E10: Security | F10: Critical | G10: SSL cert configured | H10: 1. Access any endpoint via HTTP 2. Observe redirect | I10: 301/302 redirect to HTTPS; TLS 1.2+ negotiated | K10: Passed | L10: Pass
A11: TC-008 | B11: REQ-005 | C11: Infra | D11: Load Test — 1000 Concurrent Users | E11: Performance | F11: High | G11: Perf environment up, JMeter script ready | H11: 1. Run JMeter plan with 1000 threads 2. Monitor response times | I11: 95th percentile response < 1s; 0 errors | K11: In Progress
A12: TC-009 | B12: REQ-011 | C12: Dashboard | D12: Dashboard Metrics Visible Without Scrolling | E12: UI | F12: Medium | G12: User logged in; 1080p resolution | H12: 1. Log in 2. Navigate to dashboard 3. Observe screen | I12: All KPI cards visible without vertical scroll | K12: Not Run
A13: TC-010 | B13: REQ-013 | C13: Payments | D13: Stripe Payment — Successful Charge | E13: Integration | F13: High | G13: Stripe test keys configured | H13: 1. Add item to cart 2. Enter test card 4242 4242 4242 4242 3. Submit | I13: Payment confirmed; order created; webhook received | K13: Not Run
A14: TC-011 | B14: REQ-014 | C14: Notifications | D14: SendGrid — Transactional Email Delivery | E14: Integration | F14: High | G14: SendGrid API key set | H14: 1. Trigger order confirmation 2. Check inbox | I14: Email received within 60 seconds | K14: Passed | L14: Pass
A15: TC-012 | B15: REQ-015 | C15: User Mgmt | D15: GDPR — Data Export Request | E15: Compliance | F15: Critical | G15: Logged-in user with data | H15: 1. Go to Privacy Settings 2. Request data export 3. Await email | I15: ZIP file emailed within 72 hours; includes all user data | K15: Not Run

Sheet Defect Log
A1: DEFECT LOG
A2: ▸ Log all defects here. Link to Test Case and Requirement IDs.
A3: Defect ID | B3: TC ID | C3: REQ ID | D3: Title | E3: Module | F3: Severity | G3: Priority | H3: Status | I3: Reported By | J3: Reported Date | K3: Assigned To | L3: Target Fix Date | M3: Fixed Date | N3: Root Cause | O3: Remarks
A4: DEF-001 | B4: TC-005 | C4: REQ-003 | D4: Password reset token not expiring after use | E4: Auth | F4: High | G4: High | H4: Open | I4: QA Eng 1 | K4: Dev Lead | N4: Logic error in token invalidation | O4: Reproduces 100%
A5: DEF-002 | B5: TC-008 | C5: REQ-005 | D5: Response time spikes to 4s under 800 concurrent users | E5: Infra | F5: Critical | G5: High | H5: In Progress | I5: Perf Engr | K5: Backend Dev | N5: DB query missing index | O5: Index added in PR #88
A6: DEF-003 | B6: TC-009 | C6: REQ-011 | D6: Dashboard KPI card overlaps on 1080p in Firefox | E6: Dashboard | F6: Medium | G6: Medium | H6: Open | I6: QA Eng 2 | K6: Frontend Dev | N6: CSS flex overflow bug | O6: Only on Firefox 121+
A7: DEF-004 | B7: TC-010 | C7: REQ-013 | D7: Stripe webhook not received on local dev tunnel | E7: Payments | F7: High | G7: High | H7: Closed | I7: QA Eng 1 | K7: Dev Lead | N7: ngrok tunnel timeout | O7: Fixed by increasing webhook timeout
A8: DEF-005 | B8: TC-012 | C8: REQ-015 | D8: GDPR export missing address field in ZIP | E8: User Mgmt | F8: Critical | G8: High | H8: Open | I8: QA Lead | K8: Dev Lead | N8: Serializer excludes address | O8: Blocked — awaiting DB schema update

Sheet Metrics Dashboard
A1: TEST METRICS DASHBOARD
A2: Auto-calculated from Test Cases and Defect Log sheets
A4: Total Test Cases | B4: Passed | C4: Failed | D4: Not Run | E4: In Progress | F4: Total Defects | G4: Open Defects | H4: Critical Defects | I4: Closed Defects | J4: Pass Rate %
A5: =COUNTA('Test Cases'!A4:A15) -> 12 | B5: =COUNTIF('Test Cases'!L4:L15,"Pass") -> 6 | C5: =COUNTIF('Test Cases'!L4:L15,"Fail") -> 1 | D5: =COUNTIF('Test Cases'!K4:K15,"Not Run") -> 3 | E5: =COUNTIF('Test Cases'!K4:K15,"In Progress") -> 2 | F5: =COUNTA('Defect Log'!A4:A8) -> 5 | G5: =COUNTIF('Defect Log'!H4:H8,"Open") -> 3 | H5: =COUNTIF('Defect Log'!F4:F8,"Critical") -> 2 | I5: =COUNTIF('Defect Log'!H4:H8,"Closed") -> 1 | J5: =IFERROR(COUNTIF('Test Cases'!L4:L15,"Pass")/COUNTA('Test Cases'!A4:A15),0) -> 0.5
A7: ▸ Test Cases by Test Type
A8: Test Type | B8: Total | C8: Passed | D8: Failed | E8: Not Run
A9: Functional | B9: =COUNTIF('Test Cases'!E4:E15,"Functional") -> 5 | C9: =COUNTIFS('Test Cases'!E4:E15,"Functional",'Test Cases'!L4:L15,"Pass") -> 3 | D9: =COUNTIFS('Test Cases'!E4:E15,"Functional",'Test Cases'!L4:L15,"Fail") -> 1 | E9: =COUNTIFS('Test Cases'!E4:E15,"Functional",'Test Cases'!K4:K15,"Not Run") -> 0
A10: Security | B10: =COUNTIF('Test Cases'!E4:E15,"Security") -> 2 | C10: =COUNTIFS('Test Cases'!E4:E15,"Security",'Test Cases'!L4:L15,"Pass") -> 2 | D10: =COUNTIFS('Test Cases'!E4:E15,"Security",'Test Cases'!L4:L15,"Fail") -> 0 | E10: =COUNTIFS('Test Cases'!E4:E15,"Security",'Test Cases'!K4:K15,"Not Run") -> 0
A11: Performance | B11: =COUNTIF('Test Cases'!E4:E15,"Performance") -> 1 | C11: =COUNTIFS('Test Cases'!E4:E15,"Performance",'Test Cases'!L4:L15,"Pass") -> 0 | D11: =COUNTIFS('Test Cases'!E4:E15,"Performance",'Test Cases'!L4:L15,"Fail") -> 0 | E11: =COUNTIFS('Test Cases'!E4:E15,"Performance",'Test Cases'!K4:K15,"Not Run") -> 0
A12: Integration | B12: =COUNTIF('Test Cases'!E4:E15,"Integration") -> 2 | C12: =COUNTIFS('Test Cases'!E4:E15,"Integration",'Test Cases'!L4:L15,"Pass") -> 1 | D12: =COUNTIFS('Test Cases'!E4:E15,"Integration",'Test Cases'!L4:L15,"Fail") -> 0 | E12: =COUNTIFS('Test Cases'!E4:E15,"Integration",'Test Cases'!K4:K15,"Not Run") -> 1
A13: UI | B13: =COUNTIF('Test Cases'!E4:E15,"UI") -> 1 | C13: =COUNTIFS('Test Cases'!E4:E15,"UI",'Test Cases'!L4:L15,"Pass") -> 0 | D13: =COUNTIFS('Test Cases'!E4:E15,"UI",'Test Cases'!L4:L15,"Fail") -> 0 | E13: =COUNTIFS('Test Cases'!E4:E15,"UI",'Test Cases'!K4:K15,"Not Run") -> 1
A14: Compliance | B14: =COUNTIF('Test Cases'!E4:E15,"Compliance") -> 1 | C14: =COUNTIFS('Test Cases'!E4:E15,"Compliance",'Test Cases'!L4:L15,"Pass") -> 0 | D14: =COUNTIFS('Test Cases'!E4:E15,"Compliance",'Test Cases'!L4:L15,"Fail") -> 0 | E14: =COUNTIFS('Test Cases'!E4:E15,"Compliance",'Test Cases'!K4:K15,"Not Run") -> 1
A16: ▸ Defects by Severity & Status
A17: Severity | B17: Total | C17: Open | D17: In Progress | E17: Closed
A18: Critical | B18: =COUNTIF('Defect Log'!F4:F8,"Critical") -> 2 | C18: =COUNTIFS('Defect Log'!F4:F8,"Critical",'Defect Log'!H4:H8,"Open") -> 1 | D18: =COUNTIFS('Defect Log'!F4:F8,"Critical",'Defect Log'!H4:H8,"In Progress") -> 1 | E18: =COUNTIFS('Defect Log'!F4:F8,"Critical",'Defect Log'!H4:H8,"Closed") -> 0
A19: High | B19: =COUNTIF('Defect Log'!F4:F8,"High") -> 2 | C19: =COUNTIFS('Defect Log'!F4:F8,"High",'Defect Log'!H4:H8,"Open") -> 1 | D19: =COUNTIFS('Defect Log'!F4:F8,"High",'Defect Log'!H4:H8,"In Progress") -> 0 | E19: =COUNTIFS('Defect Log'!F4:F8,"High",'Defect Log'!H4:H8,"Closed") -> 1
A20: Medium | B20: =COUNTIF('Defect Log'!F4:F8,"Medium") -> 1 | C20: =COUNTIFS('Defect Log'!F4:F8,"Medium",'Defect Log'!H4:H8,"Open") -> 1 | D20: =COUNTIFS('Defect Log'!F4:F8,"Medium",'Defect Log'!H4:H8,"In Progress") -> 0 | E20: =COUNTIFS('Defect Log'!F4:F8,"Medium",'Defect Log'!H4:H8,"Closed") -> 0
A21: Low | B21: =COUNTIF('Defect Log'!F4:F8,"Low") -> 0 | C21: =COUNTIFS('Defect Log'!F4:F8,"Low",'Defect Log'!H4:H8,"Open") -> 0 | D21: =COUNTIFS('Defect Log'!F4:F8,"Low",'Defect Log'!H4:H8,"In Progress") -> 0 | E21: =COUNTIFS('Defect Log'!F4:F8,"Low",'Defect Log'!H4:H8,"Closed") -> 0

Sheet Test Summary Report
A1: TEST SUMMARY REPORT
A2: ▸ EXECUTIVE SUMMARY
A3: Provide a 3-5 sentence executive summary of the overall test cycle. Include what was tested, key outcomes, go/no-go recommendation, and any critical open risks.
A5: ▸ TEST EXECUTION SUMMARY
A6: Sprint/Cycle: ___ | Test Period: ___ to ___ Total TCs: ___ Executed: ___ Passed: ___ Failed: ___ Blocked: ___ Not Run: ___ Pass Rate: ___% | Defect Detection Efficiency: ___%
A8: ▸ DEFECT SUMMARY
A9: Total Defects Raised: ___ Critical: ___ High: ___ Medium: ___ Low: ___ Open: ___ In Progress: ___ Closed: ___ Deferred: ___ Defect Removal Efficiency (DRE): ___%
A11: ▸ KEY FINDINGS & OBSERVATIONS
A12: 1. [Finding 1 — e.g., Auth module 100% pass rate; production-ready] 2. [Finding 2 — e.g., Performance degrades above 800 users; mitigation planned] 3. [Finding 3 — e.g., GDPR export feature incomplete; deferred to v1.1] 4. [Additional findings as needed]
A14: ▸ RISKS CARRIED FORWARD
A15: Risk 1: [Description] — Severity: [High/Med/Low] — Owner: [Name] — Plan: [Mitigation] Risk 2: [Description] — Severity: [High/Med/Low] — Owner: [Name] — Plan: [Mitigation]
A17: ▸ RECOMMENDATIONS
... A24: What went well: • [Item 1] • [Item 2] What to improve: • [Item 1] • [Item 2] Actions for next cycle: • [Action 1] — Owner: ___ — Due: ___
